企業名,URL,メールアドレス
株式会社　ＩＮＡ新建築研究所,https://www.ina-shinkenchiku.com/index.html,
有限会社　アイセック,https://isec.life/,
株式会社　あい設計,https://www.aisekkei.co.jp/,
株式会社　あい造園設計事務所,https://ailandscape.co.jp/,
アイ・ビー・デザイン　株式会社,https://www.ibdesign.jp/,
株式会社　アウス企画設計事務所,http://aus.co.jp/,
あおい建設コンサルタント　株式会社,https://www.japan-net.ne.jp/~aoi/index.html,
株式会社　アオイテック,https://aoi-tec.co.jp/,
株式会社　青木茂建築工房,https://aokou.jp/,
株式会社　青島設計,https://www.aoshimas.co.jp/,
株式会社　青島裕之建築設計室,https://aoa.co.jp/,
青葉工業　株式会社,https://aobacorp.com/,
株式会社　縣建築設計事務所,http://www.agatadesign.com/,
株式会社　アーキディアック,https://www.archideach.com/index.html,
株式会社　アーキネット京都,https://archinet-kyoto.com/,
株式会社　アーキ・プラン,http://xn--cckwa0kyc5b4bf.jp/index.html,
株式会社　アーキボックス,http://www.archibox.co.jp,
株式会社　アーキランド,https://www.archi-land.jp/,
有限会社　アーキワークス・テツ,http://www.a-tetsu.jp,
朝倉コンサルタント　株式会社,https://www.asacon.co.jp/,
浅野藝術　株式会社,http://www.asanogeijutsu.com/,
株式会社　アサノ大成基礎エンジニアリング,https://www.atk-eng.jp/,
旭化成ホームズ　株式会社,http://www.asahi-kasei.co.jp/j-koho/index.html/,
旭測量設計　株式会社,http://www.asahi-sk.com/,
アジア開発　株式会社,https://www.asiadevelop.com/,
株式会社　明日香設計,http://www.ascasekkei.co.jp/,
株式会社　梓設計,https://www.azusasekkei.co.jp/,
アーセック・バイオエナジー　株式会社,http://arsec.co.jp,
株式会社　安宅設計,https://www.ataka-sekkei.co.jp/,
株式会社　Ａｒｃｈ５,http://www.arch5.jp/,
株式会社　アップ・ストリーム・コンストラクション,http://up-stream.co.jp/,
アトリエサンカクスケール　株式会社,https://www.a-sansuke.com/,
株式会社　アトリエ宮,http://a-miya.com/,
株式会社　アドアルファ,https://addalpha.co.jp/#top,
株式会社　アーバンネクスト設計事務所,https://www.urban-next.co.jp/index.html,
株式会社　アービカルネット,https://urbiculnet.sakura.ne.jp/urbiculnet/,
株式会社　アプルデザインワークショップ,https://www.apldw.co.jp/,
株式会社　荒谷建設コンサルタント,https://www.aratani.co.jp/index.html,
株式会社　有馬建築設計事務所,https://www.arima-archi.co.jp/,
株式会社　アール・アイ・エー,https://www.ria.co.jp/,
株式会社　アルク,http://www.a-rc.co.jp/,
株式会社　アルセッド建築研究所,https://www.alsed.co.jp/,
株式会社　アルモ設計,https://www.armo.co.jp/,
株式会社　阿波設計事務所,https://awax.jp/,
株式会社　安東建築設計事務所,http://ando-arch.com/,
株式会社　ａｎｄＨＡＮＤ建築設計事務所,https://www.andhand.co.jp/,
株式会社　飯田建築設計事務所,https://iida-si.net/,
飯田測量設計　株式会社,https://www.iida-g.co.jp/sokuryou/,
有限会社　飯塚設計事務所,https://iizuka-sekkei.jp/,
有限会社　イ・オ設計室,http://www.io-archi.com,
株式会社　池下設計,https://www.ikeshita-sekkei.com/,
株式会社　石井設計,http://www.is-ishii.jp/,
株式会社　石川設計,https://www.ishikawasekkei.co.jp/index.html,
株式会社　石原和幸デザイン研究所,https://www.kaza-hana.jp/,
株式会社　石橋建築事務所,https://www.isbaa.co.jp/,
株式会社　石本建築事務所,https://www.ishimoto.co.jp/,
株式会社　意匠計画,https://www.i-keikaku.co.jp/,
株式会社　イズミコンサルティング,https://izmc.co.jp/,
有限会社　イズミ設計事務所,https://www.izumisekkei.com/,
株式会社　泉創建エンジニアリング,https://www.isec.co.jp/,
出雲建設　株式会社,https://www.izumo-kk.co.jp/,
有限会社　磯野建築事務所,https://www.isono-a.co.jp/,
株式会社　樹,https://www.itsuki21.com/,
有限会社　一級建築士事務所ターボ設計,http://www.turbo-architect.com/,
一級建築士事務所　株式会社　山崎健太郎デザインワークショップ,http://www.ykdw.org,
一級建築士事務所　株式会社　吉村建築事務所,http://www.yoshimura-ao.co.jp/,
株式会社　一寸房,https://issun.jp/,
株式会社　一本杉建築設計事務所,http://www.ipponsugisekkei.ecnet.jp/home2.html,
株式会社　伊藤喜三郎建築研究所,https://www.k-ito.co.jp/index.html,
井上測量設計　株式会社,http://www.inouesokuryou-web.com/,
一般財団法人　茨城県建築センター,http://www.ibakenju.or.jp/,
株式会社　入江三宅設計事務所,https://www.imae.co.jp/,
株式会社　岩切設計,https://www.iwakiri-sekkei.com/,
株式会社　岩城建築設計事務所,http://rhpsdy.com/,
株式会社　ＷＩＮ　ＷＩＮ,http://www.winwin-corp.co.jp,
株式会社　ウエスコ,https://www.wesco.co.jp/,
株式会社　浦野設計,http://www.urano-s.co.jp/,
ＶＵＩＬＤ　株式会社,https://vuild.co.jp/,
株式会社　ヴィン設計工房,https://vin-design.net/index.html,
エアロトヨタ　株式会社,https://www.aeroasahi.co.jp/,
ＡＩＳ総合設計　株式会社,https://ais-arc.co.jp/,
株式会社　ＡＲ設計,http://www.ar-design.biz/,
株式会社　ＡＥＡ設計室,https://aea55.com/,
有限会社　永設計事務所,http://www.eisekkei.jp,
有限会社　エイチエム建築企画室,https://www.hm-design.jp/,
株式会社　エイト日本技術開発,https://www.ejec.ej-hds.co.jp/,
株式会社　エイプラス・デザイン,https://www.aplus-design.jp/,
株式会社　ＡＡＯ,http://a-a-o.net/,
株式会社　エスティ環境設計研究所,https://step-i.co.jp/,
株式会社　Ｓ．Ｕ建築設計,http://www.suarc.co.jp,
株式会社　エー・ディー・エル,https://www.adl-fk.com/,
株式会社　衞藤中山設計,https://www.ens-nac.co.jp/,
株式会社　エナプラン,http://eneplan.jp,
株式会社　ＮＳＰ設計,https://nsp-sekkei.com,
有限会社　エヌ・ケイ・エス・アーキテクツ,http://www.nksarc.com,
株式会社　エヌ・シー・エヌ,https://www.ncn-se.co.jp/,
株式会社　ＮＪＳ,https://www.njs.co.jp/,
ＮＴＣインターナショナル　株式会社,https://www.ntc-i.co.jp,
ＮＴＴインフラネット　株式会社,https://www.nttinf.co.jp/,
株式会社　ＮＴＴファシリティーズ,https://www.ntt-f.co.jp/,
株式会社　榎本建築設計亊務所,http://www.enomotosekkei.co.jp/index.html,
有限会社　ＦＥＤ．Ｏｆｆｉｃｅ,http://fed-office.com/,
株式会社　エブリプラン,https://www.everyplan.co.jp/,
有限会社　エムアンドティー,http://www.mtarc.co.jp/index.html,
株式会社　エム・ティ・ピィ設計,https://www.m-mtp.co.jp/,
株式会社　エンバイオ・エンジニアリング,https://enbio-eng.com/,
扇精光コンサルタンツ　株式会社,https://www.ougis.co.jp/consultants,
株式会社　ＯＨＡｒｃｈｉｔｅｃｔｕｒｅ,http://www.oharchi.com,
株式会社　オオバ,http://www.k-ohba.co.jp/,
株式会社　岡田積算建築設計,https://www.okada-sekisan.co.jp/,
株式会社　オカベメンテ,https://www.okabe-m.com/,
株式会社　岡部義孝建築設計事務所,http://www.yoarcs.com,
株式会社　小川建築設計事務所,http://www.ogawa-sekkei.co.jp/,
株式会社　おとくに設計,http://www.otokuni-sekkei.com/,
株式会社　小野設計,https://onosekkei.com/,
株式会社　オープン・エー,https://www.open-a.co.jp/,
株式会社　オリエンタルコンサルタンツ,https://www.oriconsul.com/,
株式会社　オリエンタルコンサルタンツグローバル,https://ocglobal.jp/ja/,
株式会社　オリエントアイエヌジー,https://orient-ing.jp/,
株式会社　オリケンエンジニア,https://oriken-e.co.jp/,
株式会社　オーレンス,http://www.olens.co.jp,
株式会社　垣見設計事務所,https://kakimi-sekkei.com/,
株式会社　鹿児島建築確認検査機構,https://kkkkk2.jp/,
有限会社　和建築設計事務所,https://www.kazu-design.co.jp/,
株式会社　片平設計,http://www.katahira-sekkei.com/,
株式会社　香月設計企画,http://www.katsuki-act.com,
株式会社　桂設計,http://www.katsurasekkei.co.jp/index.php,
株式会社　加藤建築事務所,https://www.kato-ken.jp/,
株式会社　金子英造建築設計事務所,https://kanekoeizo.jp/profile,
株式会社　カミムラ建築研究室,https://www.kaa.co.jp/,
株式会社　川原建築設計工房,http://kawahara-arch.co.jp/,
株式会社　環アソシエイツ,https://www.kan-taka.com/kan.php,
株式会社　環ヴィトーム,https://www.kanvitohm.co.jp/,
株式会社　環境エンジニアリング,https://www.kankyo-e.co.jp/,
株式会社　環境デザイン機構,http://www.kankyo-dk.com/,
株式会社　環境デザイン研究所,http://www.ms-edi.co.jp/,
株式会社　環境プラス,https://www.kankyoplus.com/,
株式会社　観光企画設計社,https://www.kkstokyo.co.jp/,
株式会社　ＫＡＮＳＯテクノス,https://www.kanso.co.jp/,
株式会社　神田設計,https://www.kanda-s.co.jp/index.html,
株式会社　菅野宏史建築設計亊務所,https://www.kanno-a-a.co.jp/,
株式会社　キー・オペレーション,https://www.keyoperation.com/,
株式会社　木賀設計事務所,http://kiga-sekkei.co.jp,
株式会社　木構堂,https://www.kikoudou.com/,
キタイ設計　株式会社,https://www.kitai.jp/,
有限会社　北島建築研究所,https://fzg02352.wixsite.com/architwin-kitajima,
株式会社　キャリア・プラン,https://www.careerplan.jp/,
九和設計　株式会社,https://kyuwa.net/,
株式会社　教育施設研究所,http://www.kyoikushisetsu.co.jp/,
株式会社　京都空間研究所,https://spacelab-kyoto.com/,
株式会社　京都建築事務所,http://www.kyoto-archi.co.jp/,
株式会社　京都設計,https://kyotosekkei.com/,
株式会社　共同技術コンサルタント,https://kgconsul.jp/,
株式会社　協和コンサルタンツ,https://www.kyowa-c.co.jp/,
株式会社　共和テック,https://www.kyouwatech.co.jp/index.html,
株式会社　近畿興業エンジニアリングサポート,http://kinki-kk.jp,
株式会社　技建設計,http://www.giken-net.jp/index.php,
株式会社　技興,https://gikou-okinawa.com/,
株式会社　ＧＡＲＤＥ,https://www.garde-intl.com/,
有限会社　空間工房花組,https://bj4450.wixsite.com/kukankobou-hanagumi,
株式会社　空間デザイン,https://sd-arc.jp/,
株式会社　ＱＵＡＬＩＴＹ,http://www.quality-jp.com,
株式会社　楠山設計,https://kusuyama.co.jp/,
株式会社　隈研吾建築都市設計事務所,https://kkaa.co.jp/,
株式会社　熊平建築設計事務所,http://kumahira-sekkei.com/,
株式会社　久米設計,https://www.kumesekkei.co.jp/,
株式会社　車田建築設計亊務所,http://k-architects.jp/,
株式会社　ＣＲＥＡＲ,https://crear52.com/,
株式会社　黒岩構造設計事ム所,http://kuroiwa-se.com,
株式会社　黒川紀章建築都市設計事務所,https://www.kisho.co.jp/j_index.html,
株式会社　黒川建築事務所,http://www.kurokawa-k.com/,
株式会社　黒野建築設計事務所,https://kksj.co.jp/,
株式会社　具志堅建築設計事務所,https://gushikena-e.net/,
株式会社　グッドプレイス,https://www.goodplace.co.jp/,
株式会社　グラッドデザイン,https://glad-design.co.jp/index.html,
株式会社　グランド技研,https://www.grandgiken.co.jp/,
株式会社　グリーンデザインオフィス,http://www.green-d-office.com/,
有限会社　ＧＲＥＥＮＲＯＯＭＤＥＳＩＧＮ,https://greenroomdesign.jp/,
株式会社　グローバル設計,https://global-sekkei.com/,
有限会社　群設計工房,https://www.gun-sekkei.com/,
株式会社　建設技術研究所,https://www.ctie.co.jp/,
株式会社　建築企画,https://k-kikaku.co/,
株式会社　建文,https://www.kenbun.co.jp/index.html,
株式会社　玄子空間デザイン研究所,https://gengospace.com/,
株式会社　現代建築研究所,http://gkkae.com/,
株式会社　コア・システムコンストラクション,http://www.coa-system.jp/,
株式会社　コイケデザインワークス,http://koikedesign.com/#info,
光貴基礎コンサルタント　株式会社,https://www.koukikiso.co.jp/index.html,
株式会社　交建設計,https://www.koken-archi.co.jp/,
公成建設　株式会社,https://kohseiconst.com/,
株式会社　構造計画研究所,https://www.kke.co.jp/,
有限会社　河野建築設計事務所,https://kohnosekkei.co.jp/,
株式会社　河野正博建築設計事務所,https://www.kono-arc.com/,
株式会社　興和,https://www.kowa-net.co.jp/,
国際航業　株式会社,https://www.kkc.co.jp/,
株式会社　腰越耕太建築設計事務所,https://www.koshigoearchitects.com/,
株式会社　小竹組,https://kotakegumi.co.jp/,
株式会社　五省コンサルタント,https://www.c-gosei.com/,
株式会社　ごとう計画・設計,https://g-sekkei.net,
株式会社　再生建築研究所,https://saiseikenchiku.co.jp/,
有限会社　才本建築事務所,https://www.saimoto-arc.com/,
株式会社　坂倉建築研究所,https://www.sakakura.co.jp/,
株式会社　坂本設計事務所,http://www.skmt-a.com,
株式会社　盛総合設計,https://www.sakari.co.jp/,
公益財団法人　佐賀県建設技術支援機構,http://www.sagacat.or.jp/,
さくら構造　株式会社,https://sakura-kozo.jp/,
株式会社　貞方設計事務所,https://sadakata.co.jp/,
株式会社　佐藤総合計画,https://www.axscom.jp/,
株式会社　さとう不動産設計事務所,https://sato-fsj.co.jp/,
株式会社　サムシング,https://www.s-thing.co.jp/,
株式会社　澤田建築事務所,https://www.kksawada.com/,
株式会社　三水コンサルタント,https://www.3wcon.co.jp/,
株式会社　山陽設計,https://sanyosekkei.co.jp/,
株式会社　サンワコン,https://www.sanwacon.co.jp/?doing_wp_cron=1726219919.2137169837951660156250,
株式会社　ｔｈｅ　Ｐｏｗｅｒ　ｏｆ　Ｄｅｓｉｇｎ,https://tpod.design,
株式会社　シアテック,https://www.ciatec.co.jp/index.html,
株式会社　志賀設計,https://shiga-ae.com/,
株式会社　シードコンサルタント,https://www.seedcon.co.jp/,
有限会社　シード設計社,http://seed-ss.jp/,
株式会社　柴建築設計事務所,http://www.shiba-arc.co.jp/wordpress/,
株式会社　柴田建築設計事務所,https://shibata-assoc.co.jp/,
株式会社　シビルエンジニアリング,http://www.civil-e.co.jp/index.jsp,
株式会社　Ｃ．Ｐ．Ｏ設計,https://cpoplan.co.jp/,
シマウチエンジニアリング　株式会社,https://www.shimauchi-eng.com/,
株式会社　島田建築設計事務所,https://www.shimap.co.jp/,
株式会社　シミズ・ビルライフケア,https://www.sblc.co.jp/,
株式会社　集研設計,https://shuken-d.com/,
株式会社　俊設計,https://www.shunsekkei.com/,
株式会社　翔設計,https://www.sho-sekkei.co.jp/,
株式会社　尚輪興建,https://www.showakoken.co.jp/,
株式会社　昭和設計,https://www.showa-sekkei.co.jp/jp/,
株式会社　シーラカンスアンドアソシエイツ,https://c-and-a.co.jp/jp/,
株式会社　新英コアテクニカ,https://www.shin-ei-c-t.co.jp/,
新三平建設　株式会社,https://www.shinsampei.com/,
有限会社　新城設計企画室,https://sks70707.sakura.ne.jp/index.html,
株式会社　新生工務,https://www.shinseikomu.co.jp/,
株式会社　新都計画,https://www.shintokeikaku.co.jp/,
株式会社　ジイケイ設計,http://www.gk-design.co.jp/sekkei/,
ＪＲ九州コンサルタンツ　株式会社,https://www.jrqc.co.jp/,
ジェイアール東海コンサルタンツ　株式会社,https://www.jrcc.co.jp/,
株式会社　ＪＲ東日本建築設計,https://www.jred.co.jp/index.html,
ＪＥＭ　株式会社,https://je-m.jp/,
株式会社　ジェイ・イー・サポート,https://www.jesupport.jp/,
株式会社　ＪＡ設計,http://www.jaarc.co.jp/index.html,
株式会社　ＪＦＥ設計,https://www.jfe-sekkei.co.jp/,
株式会社　ＪＦＤエンジニアリング,https://mtmt-industry.com/,
株式会社　ＧＡ　ＨＯＵＳＥ,http://www.gahouse.jp,
ジオテクノス　株式会社,https://www.geotechnos.co.jp/,
株式会社　ジメント,https://gement.co.jp/,
株式会社　住建設計,https://www.jyuken-sekkei.co.jp/,
株式会社　粋華設計,https://suikasekkei.com/,
株式会社　ＳＷＩＴＣＨ,https://switchdesign.jp/,
株式会社　スズキ設計,https://www.suzuki-arch.co.jp/,
株式会社　ＳＴＵＤＩＯ５５,https://studio55.co.jp/,
株式会社　スタッド,https://www.stad.co.jp/company/,
株式会社　ＳＮＡＲＫ,http://www.snark.cc,
株式会社　すまいる工房空,http://www02.jet.ne.jp/~smile-ku/index-kuu.html,
株式会社　澄建築設計事務所,https://sumi-arc.com/,
株式会社　西部設計,http://www.seibusekkei.co.jp/,
有限会社　正和製作,https://seiwaseisaku.jp/,
株式会社　セオス,https://www.seos-c.co.jp/top,
株式会社　関・空間設計,https://www.sopnet.co.jp/,
有限会社　設計機構ワークス,http://cafeworks.com/,
有限会社　設計集団閃,http://sen.okinawa.jp/,
仙建工業　株式会社,https://senkenkogyo.com/,
株式会社　ＳＥＮＳＩＮ建築設計事務所,https://www.sensin-kenchiku.co.jp/,
株式会社　ゼン環境設計,http://www.zen-k.com/,
株式会社　綜企画設計,https://www.soukikaku.co.jp/,
株式会社　相和技術研究所,http://www.sowa-giken.co.jp/,
株式会社　曽根設計事務所,http://sonesekkei.blog76.fc2.com/,
有限会社　造建築事務所,https://www.zou-ken.com/,
株式会社　太平設計,https://www.taihei-sekkei.co.jp/,
太洋エンジニアリング　株式会社,https://www.taiyoengineering.co.jp/,
株式会社　太陽設計,https://taiyo-sekkei.com/,
株式会社　平設計,https://tairasekkei.com/,
有限会社　高尾設計事務所,http://takaooffice.web.fc2.com,
株式会社　辰建,http://tatsuken.biz/,
ターナー＆タウンゼント　株式会社,http://www.turnerandtownsend.com,
株式会社　田中設計事務所,https://tarchitect.happystocker100.com/,
株式会社　玉井設計,https://www.mtaa.co.jp/,
第一設計監理　株式会社,https://daiichi-skc.jp/index.html,
有限会社　第一設備設計事務所,http://dai1setsubi.com,
株式会社　大建,https://d-ken.jp/,
株式会社　大建設計,https://www.daiken-sekkei.co.jp/,
株式会社　Ｄａｉ建築ＤＥＳＩＧＮ,http://www.dai-kenchiku-design.com/,
大日本ダイヤコンサルタント　株式会社,https://www.dd-con.co.jp/,
株式会社　大有設計,https://dai-yu.jp/,
ＤＡＢＵＲＡ．ｍ　株式会社,http://dabura-m.info,
株式会社　地域計画建築研究所,https://www.arpak.co.jp/,
株式会社　地域計画連合,https://rpi-h.jp/,
株式会社　地区計画コンサルタンツ,https://www.chikukeikaku.co.jp/,
株式会社　地質基礎,https://www.tisitu.co.jp/,
株式会社　千町村建築研究所,http://www.chichouson.co.jp/,
株式会社　千葉学建築計画事務所,http://www.chibamanabu.co.jp,
株式会社　中央建設コンサルタント,https://cyuo.co.jp/,
中央復建コンサルタンツ　株式会社,https://www.cfk.co.jp/,
株式会社　中建設計コンサルタント,https://chukencivil.co.jp/,
千代田化工建設　株式会社,https://www.chiyodacorp.com/jp/,
株式会社　司構造計画,https://tsukasa-erc.co.jp/about/,
つくば建築設計事務所　株式会社,https://www.tsukuba-ks.co.jp/index.html,
株式会社　津田工務店,https://www.kk-tsuda.co.jp/,
株式会社　鶴建築設計事務所,https://www.tsuruarch.com/,
株式会社　ティーネットジャパン,https://www.tn-japan.co.jp/ja/index.html,
テクノスペース・クリエイツ　株式会社,https://www.technsp.co.jp/,
株式会社　手塚建築研究所,http://www.tezuka-arch.com/,
株式会社　Ｄ・Ｒ・Ｍ,https://drm-drm.com/,
株式会社　ディー・エム,http://www.dplusm.co.jp/,
Ｄｅｓｉｇｎ　Ｆｒｅｓｃｏ　株式会社,https://www.design-fresco.co.jp/,
株式会社　デフデザインオフィス,http://def-design.biz/,
株式会社　ＤＥＲＩＶＡＴＩＯＮ,http://www.derivation.co.jp,
株式会社　傳設計,https://www.dens.co.jp/,
株式会社　東亜コンサルタント,https://www.toa-con.co.jp/,
株式会社　東京久栄,https://www.kyuei.co.jp/,
東京技術サービス　株式会社,https://tgs-e.co.jp/,
株式会社　東京ソイルリサーチ,https://www.tokyosoil.co.jp/,
東京デザインハウス　株式会社,http://www.tokyodh.com/,
株式会社　東京ランドスケープ研究所,https://www.tla.jp/,
株式会社　東条設計,https://www.tojo-aa.co.jp/,
東電設計　株式会社,http://www.tepsco.co.jp/,
株式会社　東畑建築事務所,https://www.tohata.co.jp/,
株式会社　東北開発コンサルタント,https://www.tkca.co.jp/,
株式会社　時設計,https://tokisekkei.co.jp/,
株式会社　徳岡設計,https://www.tokuoka-ao.co.jp/,
合資会社　徳田土木設計事務所,https://www.tokuda-doboku.com/,
株式会社　都市開発,https://kk-toshi.co.jp/,
株式会社　都市環境デザイン,https://www.ce-design.net/main.html,
都市企画　株式会社,http://www.t-kikaku.com,
株式会社　都市企画設計コンサルタント,https://toshikikaku-sc.com/,
株式会社　都市計画研究所,http://www.tcpi.jp,
株式会社　トーニチコンサルタント,https://www.tonichi-c.co.jp/,
株式会社　豊川設計事務所,https://toyokawa-aa.com/,
株式会社　トラストホーム,https://trusthome-clover.com/,
株式会社　トラバース,https://www.travers.co.jp/,
株式会社　トラバースエンジニアリング,https://www.travers.co.jp/,
株式会社　同人設計,https://www.doujin-arc.com/,
有限会社　ドディチ・ドディチ,https://dodici12.com/,
株式会社　土木管理総合試験所,https://www.dksiken.co.jp/,
株式会社　ドラフト,https://draft.co.jp/,
株式会社　中原建築設計事務所,http://www.nakahara-ae.co.jp/,
株式会社　中林建築設計事務所,http://www.nakaizum.com/,
株式会社　中村測建事務所,https://www.ns-web.co.jp/,
株式会社　中村勉総合計画事務所,http://www.iceice.com/ben/,
株式会社　中山敬二建築設計事務所,https://www.nk-ao.net/,
永園設計　株式会社,http://nagasono.co.jp/index.html,
一般財団法人　長野県建築住宅センター,http://www.n-jutaku.or.jp/,
有限会社　永山祐子建築設計,http://www.yukonagayama.co.jp,
ＮＡＳＫＥＯ環境　株式会社,http://www.naskeo.com/ja,
株式会社　那須設計,http://www.nascekei-1970.co.jp,
株式会社　浪速技研コンサルタント,https://naniwa-giken.co.jp/,
株式会社　那の津壽建築研究所,http://nanotu.co.jp,
株式会社　南條設計室,https://ananjo.co.jp/,
有限会社　南勢建築設計,https://nks.parallel.jp/,
株式会社　新崎設計,https://www.niizakisekkei.com/,
株式会社　ニシコー,https://www.nishikoh.co.jp/,
西鉄シー・イー・コンサルタント　株式会社,https://www.ncec.co.jp/,
西日本技術開発　株式会社,https://www.wjec.co.jp/,
日揮　株式会社,https://www.jgc.com/jp/about/related-companies/domestic.html,
株式会社　日企設計,https://nikki-matsuyama.com,
株式会社　日企設計,https://nikkisekkei.com/,
株式会社　日建技術コンサルタント,https://www.nikken-gcon.co.jp/,
株式会社　日建設計,https://www.nikken.jp/ja/index.html,
株式会社　日さく,https://www.nissaku.co.jp/,
株式会社　日総建,http://www.nissoken.co.jp/,
株式会社　ニッテイ建築設計,https://nitteiken.co.jp/,
日鉄物産システム建築　株式会社,https://www.nst-sumisys.co.jp/,
株式会社　日東設計事務所,http://www.nitto-arc.co.jp/,
株式会社　日本海コンサルタント,https://www.nihonkai.co.jp/,
日本工営　株式会社,https://www.n-koei.co.jp/consulting/,
日本工営都市空間　株式会社,https://www.n-koei.co.jp/urbanspace/,
株式会社　日本システム設計,https://www.nittem.co.jp/,
日本振興　株式会社,https://www.nihon-shinko.com/,
株式会社　日本設計,https://www.nihonsekkei.co.jp/,
日本データーサービス　株式会社,https://www.ndsinc.co.jp/,
日本都市技術　株式会社,https://www.cticd.co.jp/,
株式会社　日本都市設計,http://www.nihontoshi.jp/,
日本ハムエンジニアリング　株式会社,https://www.nh-engineering.co.jp/,
株式会社　日本防災研究所,https://www.nichiboken.co.jp/,
株式会社　ニュージェック,https://www.newjec.co.jp/,
株式会社　野口直樹建築設計事務所,https://naonogu-archi.com/,
株式会社　ノム建築設計室,http://www.nom-ad.co.jp/index.php,
株式会社　のりしろ,http://norishiro-arch.com,
株式会社　畑友洋建築設計事務所,http://www.hata-archi.com,
株式会社　原昌吾企画設計,http://harakikaku.la.coocan.jp/,
株式会社　原田設計,http://www.haradasekkei.com/,
阪神測建　株式会社,https://www.hanshinsokken.com/,
有限会社　爆団,https://bakudan.jp/,
株式会社　ＢＡＳ建築設計,http://www.bas-arc.com/,
株式会社　馬場建築設計事務所,http://www.baba-archi.com,
パシフィックコンサルタンツ　株式会社,https://www.pacific.co.jp/,
株式会社　ＰＡＬ構造,https://www.pal.co.jp/,
東九州設計工務　株式会社,https://www.hsk-archi.co.jp/,
株式会社　東桜都市建築事務所,https://www.e-sakuracity.com/,
久友設計　株式会社,https://www.hisatomo-p.com/,
株式会社　日立建設設計,https://www.hae.co.jp/,
株式会社　日比野設計,https://hibinosekkei.com/,
株式会社　平田晃久建築設計事務所,https://www.hao.nu/,
有限会社　ヒロ空間企画,https://www.hiro-inc.co.jp/,
ビイック　株式会社,https://www.vic-ltd.co.jp/,
ビューローベリタスジャパン　株式会社,https://www.bureauveritas.jp/,
びわこエンジニアリング　株式会社,http://www.biwakoengineering.co.jp,
株式会社　ピーエーシー,https://www.pac-tech.co.jp/,
株式会社　ピーディーシステム,https://www.pdstk.co.jp/,
株式会社　ピーピーアイ計画・設計研究所,https://ppi-osaka.com/,
株式会社　ピンホール,http://www.pinhole.jp/jp/index.html,
有限会社　フィックインテリア,http://www.fick.co.jp/,
株式会社　フィールド・パートナーズ,https://www.field-partners.com,
公益財団法人　福岡県建設技術情報センター,http://fcti.jp/,
株式会社　福永測量設計,https://stws.jp/,
株式会社　フケタ設計,http://fuketa.com/,
有限会社　房設計,http://fusasekkei.jp,
株式会社　富士一級建築士事務所,http://www.fujikensetsu.jp/business/office.html,
株式会社　富士技術サービス,https://www.fuji-t-s.com/,
株式会社　フジ設計,https://www.fuji1.biz/,
不動開発建設　株式会社,https://fudoukaihatsu.co.jp/,
フレームデザイン　株式会社,https://www.framedesign.co.jp/,
株式会社　ブルク,https://www.burg.co.jp/,
株式会社　ブルースタジオ,https://www.bluestudio.jp/,
プラナス　株式会社,https://planus.co.jp/index.html,
株式会社　ＰＬＡＭ,http://harada-plam.com/,
株式会社　プランツアソシエイツ,https://plants-associates.com/,
株式会社　プランテック,https://plantec.co.jp/,
株式会社　プレック研究所,http://www.prec.co.jp,
株式会社　ヘッズ,http://heads-net.co.jp/,
報国エンジニアリング　株式会社,https://www.hokoku-eng.jp/,
北電技術コンサルタント　株式会社,https://www.hg-c.co.jp/,
株式会社　保坂猛建築都市設計事務所,http://www.hosakatakeshi.com,
株式会社　星山設計,https://www.hoshiyama86.co.jp/,
株式会社　マウントフジアーキテクツスタジオ一級建築士事務所,http://fuji-studio.jp,
株式会社　前田健太郎建築設計事務所,https://kentaromaeda.com/,
株式会社　槇総合計画事務所,https://www.maki-and-associates.co.jp/,
株式会社　マキタ設計事務所,https://www.makitasekkei.co.jp/,
株式会社　益田設計事務所,https://masudasekkei.myportfolio.com/,
有限会社　ＭａｓＭａｓ,https://masmas.sub.jp/mas/,
株式会社　間瀬コンサルタント,https://www.masecon.co.jp/,
株式会社　松井設計,https://matsuisekkei.co.jp/,
株式会社　松岡設計,https://www.m-archi.co.jp/blank-3,
株式会社　マック,https://mac-design.jp/,
株式会社　松重設計,https://matusige.com/index.html,
株式会社　松下設計,http://www.matsushita-sekkei.co.jp/,
株式会社　松田・伸設計,https://www.big-advance.site/c/172/2163,
株式会社　松田平田設計,https://www.mhs.co.jp/,
株式会社　松山建築設計室,https://www.matsuyama-a.co.jp/,
株式会社　ミカミ,https://www.mikami-web.co.jp/,
株式会社　水野建設コンサルタント,https://www.mkc.co.jp/,
株式会社　みずほ設計,https://mizuho-s.skr.jp/,
三井共同建設コンサルタント　株式会社,https://www.mccnet.co.jp/,
株式会社　満井設計,http://www.minminmura.com/social/index.html,
株式会社　三菱地所設計,https://www.mjd.co.jp/,
株式会社　宮建築設計,https://www.miyasekkei.jp/,
株式会社　三悦設計,http://www.miyoshi-ae.co.jp/,
有限会社　夢現設計室,https://www.mugen-design.co.jp/,
株式会社　ＭＵＳＡ研究所,https://www.musalab.co.jp/index.html,
有限会社　夢創建築事務所,https://muso-ao.jp/,
株式会社　メイ建築研究所,https://www.may-ar.jp/,
株式会社　メイワ・イー・シー,https://meiwa-ec.tokyo/,
株式会社　明和技術コンサルタンツ,http://www.meiwagijutsu.com/,
木構造システム　株式会社,https://www.mokukouzou.com/,
株式会社　基設計,https://www.motoisekkei.jp/,
株式会社　杜設計,https://www.mori-sekkei.com/,
株式会社　安井建築設計事務所,https://www.yasui-archi.co.jp/,
株式会社　ヤスザワ設計,https://yasuzawa-design.com/,
安田ファシリティワークス　株式会社,http://www.yasuda-fw.co.jp/,
八千代エンジニヤリング　株式会社,https://www.yachiyo-eng.co.jp/,
有限会社　ヤマサト設計,http://www.soumu.go.jp/,
株式会社　山下設計,https://www.yamashitasekkei.co.jp/,
株式会社　山下ＰＭＣ,https://www.ypmc.co.jp/,
株式会社　山田開発測量,http://www.yamakai.com/,
株式会社　山田綜合設計,http://www.oym-arc.co.jp/index.htm,
有限会社　山根建築設計事務所,http://www.jcarb.com/Portfolio00005567.html,
株式会社　山本建築設計事務所,https://yamamotosekkei.jp/index.html,
ＵＩＣコンサルタント　株式会社,https://www.ube-ic.co.jp/,
株式会社　ＵＲリンケージ,https://www.urlk.co.jp/,
株式会社　優輝総合コンサル,https://www.yuukicon.com/index.html,
有限会社　湧設計,https://you-sekkei.com,
ＹＯＵ設計　株式会社,http://you-structure.com/,
株式会社　ユニオンコーポレーション,https://www.kashijimusho.co.jp/,
株式会社　湯本建築設計,https://yks-house.co.jp/,
株式会社　陽設計事務所,https://ylad.jugem.jp/,
株式会社　よかネット,https://yokanet.com/,
株式会社　横河建築設計事務所,https://www.yae.co.jp/,
株式会社　横松建築設計事務所,https://www.yokomatsu.info/,
株式会社　ヨシザワ建築構造設計,https://yoshizawa-arch.co.jp/,
株式会社　ラティス・アーキテクツ,https://latticearc.exblog.jp/,
株式会社　ＬＡＮ一級建築士事務所,http://www.lan-ao.jp/,
株式会社　ランドスケープ・プラス,https://www.landscape-plus.co.jp/,
株式会社　リカルド・トッサーニ・アーキテクチャー,http://www.tossani.com,
有限会社　料治建築設計事務所,http://www.ryoji-sekkei.co.jp/,
株式会社　緑景,http://www.ryokukei.jp/,
株式会社　類設計室,https://www.rui.ne.jp/,
株式会社　レーモンド設計事務所,https://www.raymondsekkei.co.jp/,
株式会社　蓮建築設計,http://www.ren-design.com/,
株式会社　ロイ設計,http://roi-architect.la.coocan.jp/index.html,
株式会社　ＹＡＰ,http://www.y-a-p.jp,
株式会社　ワイケイシイ,http://www.yamaguchi-jc.com,
ワイズ・ラボ　株式会社,https://www.wiselabo.com/,
株式会社　ワークヴィジョンズ,https://www.workvisions.co.jp/,
株式会社　ワークスタッフ,https://www.workstaff-c.co.jp/workstaff.html,
株式会社　ワシノ設計,http://www.washinosekkei.co.jp/index.html,
株式会社　渡辺建築事務所,http://www.wata-arc.co.jp/index.html,
株式会社　渡辺設計事務所,https://wat-arc.com/,
株式会社　渡辺有規建築企画事務所,https://www.warp-jp.net/,
有限会社　ワッツインターナショナル,http://www.watts-id.co.jp/,
株式会社　ワールド設計,https://www.world-sekkei.com/,
