企業名,ホームページURL,お問い合わせメールアドレス
,https://www.ina-shinkenchiku.com/index.html,
,https://isec.life/,
,https://www.aisekkei.co.jp/,
,https://ailandscape.co.jp/,
,https://www.ibdesign.jp/,
,http://aus.co.jp/,
,https://www.japan-net.ne.jp/~aoi/index.html,aoi@japan-net.ne.jp
,https://aoi-tec.co.jp/,
,https://aokou.jp/,jquery.easing@1.4.1
,https://www.aoshimas.co.jp/,wght@100..900
,https://aoa.co.jp/,webmaster@aoa.co.jp
,https://aobacorp.com/,
,http://www.agatadesign.com/,koichi@agatadesign.com
,https://www.archideach.com/index.html,info@sample.com
,https://archinet-kyoto.com/,
,http://xn--cckwa0kyc5b4bf.jp/index.html,fancybox@3.5.7
,http://www.archibox.co.jp,
,https://www.archi-land.jp/,info@archi-land.jp
,http://www.a-tetsu.jp,info@a-tetsu.jp
,https://www.asacon.co.jp/,
,http://www.asanogeijutsu.com/,
,https://www.atk-eng.jp/,atk-contact@atk-eng.jp
,http://www.asahi-kasei.co.jp/j-koho/index.html/,
,http://www.asahi-sk.com/,
,https://www.asiadevelop.com/,
,http://www.ascasekkei.co.jp/,
,https://www.azusasekkei.co.jp/,
,http://arsec.co.jp,
,https://www.ataka-sekkei.co.jp/,info@stg.arrival-quality.co.jp
,http://www.arch5.jp/,
,http://up-stream.co.jp/,
,https://www.a-sansuke.com/,
,http://a-miya.com/,scroll-hint@1.1.10
,https://addalpha.co.jp/#top,
,https://www.urban-next.co.jp/index.html,info@urban-next.co.jp
,https://urbiculnet.sakura.ne.jp/urbiculnet/,
,https://www.apldw.co.jp/,intl-segmenter@11.7.10
,https://www.aratani.co.jp/index.html,kikaku@aratani.co.jp
,https://www.arima-archi.co.jp/,
,https://www.ria.co.jp/,head@ria.co.jp
,http://www.a-rc.co.jp/,arc@a-rc.co.jp
,https://www.alsed.co.jp/,
,https://www.armo.co.jp/,
,https://awax.jp/,
,http://ando-arch.com/,
,https://www.andhand.co.jp/,bootstrap@5.1.3
,https://iida-si.net/,
,https://www.iida-g.co.jp/sokuryou/,
,https://iizuka-sekkei.jp/,viewport-extra@1.0.4
,http://www.io-archi.com,
,https://www.ikeshita-sekkei.com/,slick@1.8.1
,http://www.is-ishii.jp/,
,https://www.ishikawasekkei.co.jp/index.html,main@ishikawasekkei.co.jp
,https://www.kaza-hana.jp/,
,https://www.isbaa.co.jp/,viewport-extra@1.0.4
,https://www.ishimoto.co.jp/,
,https://www.i-keikaku.co.jp/,i@i-keikaku.co.jp
,https://izmc.co.jp/,fancybox@3.5.2
,https://www.izumisekkei.com/,
,https://www.isec.co.jp/,
,https://www.izumo-kk.co.jp/,
,https://www.isono-a.co.jp/,info@isono-a.co.jp
,https://www.itsuki21.com/,mail@itsuki21.com
,http://www.turbo-architect.com/,
,http://www.ykdw.org,info@ykdw.org
,http://www.yoshimura-ao.co.jp/,office@yoshimura-ao.co.jp
,https://issun.jp/,info@issun.jp
,http://www.ipponsugisekkei.ecnet.jp/home2.html,
,https://www.k-ito.co.jp/index.html,
,http://www.inouesokuryou-web.com/,
,http://www.ibakenju.or.jp/,info@ibakenju.or.jp
,https://www.imae.co.jp/,sample@test.com
,https://www.iwakiri-sekkei.com/,
,http://rhpsdy.com/,archi@iwashiro.org
,http://www.winwin-corp.co.jp,info@winwin-corp.co.jp
,https://www.wesco.co.jp/,info@wesco.co.jp
,http://www.urano-s.co.jp/,
,https://vuild.co.jp/,abc@vuild.co.jp
,https://vin-design.net/index.html,
,https://www.aeroasahi.co.jp/,slick-carousel@1.8.0
,https://ais-arc.co.jp/,info@ais-arc.co.jp
,http://www.ar-design.biz/,info@ar-design.biz
,https://aea55.com/,example@aaa.com
,http://www.eisekkei.jp,
,https://www.hm-design.jp/,
,https://www.ejec.ej-hds.co.jp/,
,https://www.aplus-design.jp/,info@aplus-design.jp
,http://a-a-o.net/,
,https://step-i.co.jp/,
,http://www.suarc.co.jp,abc@a.co.jp
,https://www.adl-fk.com/,
,https://www.ens-nac.co.jp/,
,http://eneplan.jp,
,https://nsp-sekkei.com,
,http://www.nksarc.com,
,https://www.ncn-se.co.jp/,
,https://www.njs.co.jp/,
,https://www.ntc-i.co.jp,aos@2.3.1
,https://www.nttinf.co.jp/,
,https://www.ntt-f.co.jp/,wght@400..700
,http://www.enomotosekkei.co.jp/index.html,
,http://fed-office.com/,info@fed-office.com
,https://www.everyplan.co.jp/,user@domain.com
,http://www.mtarc.co.jp/index.html,mandt@mtarc.co.jp
,https://www.m-mtp.co.jp/,flatpickr@2.6.3
,https://enbio-eng.com/,info@enbio-corp.com
,https://www.ougis.co.jp/consultants,
,http://www.oharchi.com,info@oharchi.com
,http://www.k-ohba.co.jp/,
,https://www.okada-sekisan.co.jp/,
,https://www.okabe-m.com/,
,http://www.yoarcs.com,
,http://www.ogawa-sekkei.co.jp/,
,http://www.otokuni-sekkei.com/,
,https://onosekkei.com/,
,https://www.open-a.co.jp/,contact@open-a.co.jp
,https://www.oriconsul.com/,slick-carousel@1.8.1
,https://ocglobal.jp/ja/,ocgnicaragua@gmail.com
,https://orient-ing.jp/,orient-ing@orient-ing.com
,https://oriken-e.co.jp/,sample@email.com
,http://www.olens.co.jp,sample@olens.co.jp
,https://kakimi-sekkei.com/,lozad@1.14.0
,https://kkkkk2.jp/,info@k-kakuninkensa.com
,https://www.kazu-design.co.jp/,
,http://www.katahira-sekkei.com/,
,http://www.katsuki-act.com,
,http://www.katsurasekkei.co.jp/index.php,
,https://www.kato-ken.jp/,
,https://kanekoeizo.jp/profile,
,https://www.kaa.co.jp/,
,http://kawahara-arch.co.jp/,
,https://www.kan-taka.com/kan.php,kan6@silk.plala.or.jp
,https://www.kanvitohm.co.jp/,
,https://www.kankyo-e.co.jp/,
,http://www.kankyo-dk.com/,
,http://www.ms-edi.co.jp/,
,https://www.kankyoplus.com/,
,https://www.kkstokyo.co.jp/,yano@kkstokyo.co.jp
,https://www.kanso.co.jp/,
,https://www.kanda-s.co.jp/index.html,aos@2.3.1
,https://www.kanno-a-a.co.jp/,h-kanno@kanno-a-a.co.jp
,https://www.keyoperation.com/,info@keyoperation.com
,http://kiga-sekkei.co.jp,
,https://www.kikoudou.com/,
,https://www.kitai.jp/,
,https://fzg02352.wixsite.com/architwin-kitajima,intl-segmenter@11.7.10
,https://www.careerplan.jp/,slick-carousel@1.8.1
,https://kyuwa.net/,
,http://www.kyoikushisetsu.co.jp/,
,https://spacelab-kyoto.com/,
,http://www.kyoto-archi.co.jp/,
,https://kyotosekkei.com/,
,https://kgconsul.jp/,
,https://www.kyowa-c.co.jp/,
,https://www.kyouwatech.co.jp/index.html,
,http://kinki-kk.jp,
,http://www.giken-net.jp/index.php,
,https://gikou-okinawa.com/,
,https://www.garde-intl.com/,info@garde-intl.com
,https://bj4450.wixsite.com/kukankobou-hanagumi,intl-segmenter@11.7.10
,https://sd-arc.jp/,
,http://www.quality-jp.com,info@examaple.com
,https://kusuyama.co.jp/,
,https://kkaa.co.jp/,
,http://kumahira-sekkei.com/,
,https://www.kumesekkei.co.jp/,abcdefg@xxxxx.co.jp
,http://k-architects.jp/,
,https://crear52.com/,
,http://kuroiwa-se.com,
,https://www.kisho.co.jp/j_index.html,
,http://www.kurokawa-k.com/,
,https://kksj.co.jp/,kksj@kksj.co.jp
,https://gushikena-e.net/,
,https://www.goodplace.co.jp/,privacy@gp.cigr.co.jp
,https://glad-design.co.jp/index.html,
,https://www.grandgiken.co.jp/,wght@100..900
,http://www.green-d-office.com/,iwata218@mocha.ocn.ne.jp
,https://greenroomdesign.jp/,info@greenroomdesign.jp
,https://global-sekkei.com/,
,https://www.gun-sekkei.com/,
,https://www.ctie.co.jp/,
,https://k-kikaku.co/,
,https://www.kenbun.co.jp/index.html,
,https://gengospace.com/,
,http://gkkae.com/,
,http://www.coa-system.jp/,
,http://koikedesign.com/#info,
,https://www.koukikiso.co.jp/index.html,koukikiso@koukikiso.co.jp
,https://www.koken-archi.co.jp/,
,https://kohseiconst.com/,
,https://www.kke.co.jp/,yakuhanjp@3.3.1
,https://kohnosekkei.co.jp/,desvg@1.0.2
,https://www.kono-arc.com/,
,https://www.kowa-net.co.jp/,
,https://www.kkc.co.jp/,
,https://www.koshigoearchitects.com/,user@domain.com
,https://kotakegumi.co.jp/,opsz@6..96
,https://www.c-gosei.com/,simple-parallax-js@5.1.0
,https://g-sekkei.net,info@g-sekkei.net
,https://saiseikenchiku.co.jp/,contact@saiseikenchiku.co.jp
,https://www.saimoto-arc.com/,
,https://www.sakakura.co.jp/,info@sakakura.co.jp
,http://www.skmt-a.com,
,https://www.sakari.co.jp/,pwacompat@2.0.8
,http://www.sagacat.or.jp/,ishienkiko@sagacat.or.jp
,https://sakura-kozo.jp/,sample@sample.jp
,https://sadakata.co.jp/,
,https://www.axscom.jp/,contact@axscom.co.jp
,https://sato-fsj.co.jp/,
,https://www.s-thing.co.jp/,crm@s-thing.co.jp
,https://www.kksawada.com/,
,https://www.3wcon.co.jp/,
,https://sanyosekkei.co.jp/,slick-carousel@1.8.1
,https://www.sanwacon.co.jp/?doing_wp_cron=1726219919.2137169837951660156250,
,https://tpod.design,info@tpod.design
,https://www.ciatec.co.jp/index.html,
,https://shiga-ae.com/,popper.js@1.16.0
,https://www.seedcon.co.jp/,scroll-hint@1.1.10
,http://seed-ss.jp/,
,http://www.shiba-arc.co.jp/wordpress/,
,https://shibata-assoc.co.jp/,
,http://www.civil-e.co.jp/index.jsp,
,https://cpoplan.co.jp/,
,https://www.shimauchi-eng.com/,
,https://www.shimap.co.jp/,
,https://www.sblc.co.jp/,toiawase-e@sblc.co.jp
,https://shuken-d.com/,
,https://www.shunsekkei.com/,vue@2.7.16
,https://www.sho-sekkei.co.jp/,yakuhanjp@4.0.1
,https://www.showakoken.co.jp/,yakuhanjp@3.0.0
,https://www.showa-sekkei.co.jp/jp/,
,https://c-and-a.co.jp/jp/,
,https://www.shin-ei-c-t.co.jp/,honsya@shin-ei-c-t.co.jp
,https://www.shinsampei.com/,test@sample.com
,https://sks70707.sakura.ne.jp/index.html,sks70707@lime.ocn.ne.jp
,https://www.shinseikomu.co.jp/,
,https://www.shintokeikaku.co.jp/,purecss@1.0.0
,http://www.gk-design.co.jp/sekkei/,sekkei@gk-design.co.jp
,https://www.jrqc.co.jp/,honsha@jrqc.co.jp
,https://www.jrcc.co.jp/,
,https://www.jred.co.jp/index.html,
,https://je-m.jp/,wght@100..900
,https://www.jesupport.jp/,
,http://www.jaarc.co.jp/index.html,
,https://www.jfe-sekkei.co.jp/,
,https://mtmt-industry.com/,
,http://www.gahouse.jp,okada@gahouse.jp
,https://www.geotechnos.co.jp/,
,https://gement.co.jp/,
,https://www.jyuken-sekkei.co.jp/,kyoto@jyuken-sekkei.co.jp
,https://suikasekkei.com/,
,https://switchdesign.jp/,wght@100..900
,https://www.suzuki-arch.co.jp/,
,https://studio55.co.jp/,
,https://www.stad.co.jp/company/,stad-p@stad.co.jp
,http://www.snark.cc,
,http://www02.jet.ne.jp/~smile-ku/index-kuu.html,smile-ku@ji.jet.ne.jp
,https://sumi-arc.com/,destyle.css@3.0.2
,http://www.seibusekkei.co.jp/,wght@100..900
,https://seiwaseisaku.jp/,
,https://www.seos-c.co.jp/top,
,https://www.sopnet.co.jp/,
,http://cafeworks.com/,
,http://sen.okinawa.jp/,
,https://senkenkogyo.com/,soumu-toiawase@senkenkogyo.com
,https://www.sensin-kenchiku.co.jp/,uff1acontact@example.com
,http://www.zen-k.com/,
,https://www.soukikaku.co.jp/,
,http://www.sowa-giken.co.jp/,mail@example.co.jp
,http://sonesekkei.blog76.fc2.com/,
,https://www.zou-ken.com/,
,https://www.taihei-sekkei.co.jp/,
,https://www.taiyoengineering.co.jp/,
,https://taiyo-sekkei.com/,
,https://tairasekkei.com/,
,http://takaooffice.web.fc2.com,t0321@bronze.ocn.ne.jp
,http://tatsuken.biz/,
,http://www.turnerandtownsend.com,wght@100..900
,https://tarchitect.happystocker100.com/,info@happystocker100.com
,https://www.mtaa.co.jp/,wght@100..900
,https://daiichi-skc.jp/index.html,
,http://dai1setsubi.com,
,https://d-ken.jp/,
,https://www.daiken-sekkei.co.jp/,
,http://www.dai-kenchiku-design.com/,
,https://www.dd-con.co.jp/,
,https://dai-yu.jp/,
,http://dabura-m.info,wght@100..900
,https://www.arpak.co.jp/,
,https://rpi-h.jp/,example@gmail.com
,https://www.chikukeikaku.co.jp/,info@chikukeikaku.co.jp
,https://www.tisitu.co.jp/,info@tisitu.co.jp
,http://www.chichouson.co.jp/,
,http://www.chibamanabu.co.jp,info@chibamanabu.co.jp
,https://cyuo.co.jp/,
,https://www.cfk.co.jp/,
,https://chukencivil.co.jp/,example@gmail.com
,https://www.chiyodacorp.com/jp/,wght@100..900
,https://tsukasa-erc.co.jp/about/,sample@sample.jp
,https://www.tsukuba-ks.co.jp/index.html,
,https://www.kk-tsuda.co.jp/,
,https://www.tsuruarch.com/,info@tsuru-arch.com
,https://www.tn-japan.co.jp/ja/index.html,
,https://www.technsp.co.jp/,
,http://www.tezuka-arch.com/,tez@sepia.ocn.ne.jp
,https://drm-drm.com/,
,http://www.dplusm.co.jp/,info@dplusm.co.jp
,https://www.design-fresco.co.jp/,
,http://def-design.biz/,
,http://www.derivation.co.jp,intl-segmenter@11.7.10
,https://www.dens.co.jp/,info@dens.co.jp
,https://www.toa-con.co.jp/,
,https://www.kyuei.co.jp/,enq_service@tc.kyuei.co.jp
,https://tgs-e.co.jp/,
,https://www.tokyosoil.co.jp/,
,http://www.tokyodh.com/,email@email.com
,https://www.tla.jp/,info@tla.co.jp
,https://www.tojo-aa.co.jp/,
,http://www.tepsco.co.jp/,voice-kenkyu@tepsco.co.jp
,https://www.tohata.co.jp/,
,https://www.tkca.co.jp/,soumu@mail.tkca.co.jp
,https://tokisekkei.co.jp/,xxx@xxx.jp
,https://www.tokuoka-ao.co.jp/,
,https://www.tokuda-doboku.com/,
,https://kk-toshi.co.jp/,
,https://www.ce-design.net/main.html,
,http://www.t-kikaku.com,
,https://toshikikaku-sc.com/,
,http://www.tcpi.jp,
,https://www.tonichi-c.co.jp/,slick-carousel@1.8.1
,https://toyokawa-aa.com/,
,https://trusthome-clover.com/,viewport-extra@1.0.4
,https://www.travers.co.jp/,
,https://www.travers.co.jp/,
,https://www.doujin-arc.com/,intl-segmenter@11.7.10
,https://dodici12.com/,info@dodici12.com
,https://www.dksiken.co.jp/,
,https://draft.co.jp/,
,http://www.nakahara-ae.co.jp/,email@example.co.jp
,http://www.nakaizum.com/,
,https://www.ns-web.co.jp/,
,http://www.iceice.com/ben/,ben-team1@iceice.com
,https://www.nk-ao.net/,intl-segmenter@11.7.10
,http://nagasono.co.jp/index.html,
,http://www.n-jutaku.or.jp/,nj-honsho@n-jutaku.or.jp
,http://www.yukonagayama.co.jp,
,http://www.naskeo.com/ja,
,http://www.nascekei-1970.co.jp,
,https://naniwa-giken.co.jp/,viewport-extra@1.0.4
,http://nanotu.co.jp,
,https://ananjo.co.jp/,
,https://nks.parallel.jp/,
,https://www.niizakisekkei.com/,
,https://www.nishikoh.co.jp/,
,https://www.ncec.co.jp/,
,https://www.wjec.co.jp/,wght@100..900
,https://www.jgc.com/jp/about/related-companies/domestic.html,
,https://nikki-matsuyama.com,sakata-nikki@ma.pikara.ne.jp
,https://nikkisekkei.com/,t_michikami@nikki-ao.co.jp
,https://www.nikken-gcon.co.jp/,
,https://www.nikken.jp/ja/index.html,webmaster@nikken.jp
,https://www.nissaku.co.jp/,
,http://www.nissoken.co.jp/,info@nissoken.co.jp
,https://nitteiken.co.jp/,
,https://www.nst-sumisys.co.jp/,
,http://www.nitto-arc.co.jp/,
,https://www.nihonkai.co.jp/,
,https://www.n-koei.co.jp/consulting/,
,https://www.n-koei.co.jp/urbanspace/,
,https://www.nittem.co.jp/,
,https://www.nihon-shinko.com/,
,https://www.nihonsekkei.co.jp/,
,https://www.ndsinc.co.jp/,
,https://www.cticd.co.jp/,
,http://www.nihontoshi.jp/,
,https://www.nh-engineering.co.jp/,
,https://www.nichiboken.co.jp/,
,https://www.newjec.co.jp/,
,https://naonogu-archi.com/,
,http://www.nom-ad.co.jp/index.php,
,http://norishiro-arch.com,
,http://www.hata-archi.com,office@hata-archi.com
,http://harakikaku.la.coocan.jp/,
,http://www.haradasekkei.com/,info@haradasekkei.com
,https://www.hanshinsokken.com/,
,https://bakudan.jp/,bakudan@bakudan.jp
,http://www.bas-arc.com/,
,http://www.baba-archi.com,
,https://www.pacific.co.jp/,wght@100..900
,https://www.pal.co.jp/,
,https://www.hsk-archi.co.jp/,info@hsk-archi.co.jp
,https://www.e-sakuracity.com/,
,https://www.hisatomo-p.com/,hisatomo@f5.dion.ne.jp
,https://www.hae.co.jp/,wght@100..900
,https://hibinosekkei.com/,
,https://www.hao.nu/,hao@hao.nu
,https://www.hiro-inc.co.jp/,info@hiro-inc.co.jp
,https://www.vic-ltd.co.jp/,
,https://www.bureauveritas.jp/,
,http://www.biwakoengineering.co.jp,
,https://www.pac-tech.co.jp/,wght@100..900
,https://www.pdstk.co.jp/,cdc@pdstk.co.jp
,https://ppi-osaka.com/,
,http://www.pinhole.jp/jp/index.html,
,http://www.fick.co.jp/,
,https://www.field-partners.com,info@field-partners.com
,http://fcti.jp/,
,https://stws.jp/,core@2.5.4
,http://fuketa.com/,
,http://fusasekkei.jp,
,http://www.fujikensetsu.jp/business/office.html,
,https://www.fuji-t-s.com/,
,https://www.fuji1.biz/,
,https://fudoukaihatsu.co.jp/,
,https://www.framedesign.co.jp/,
,https://www.burg.co.jp/,
,https://www.bluestudio.jp/,
,https://planus.co.jp/index.html,
,http://harada-plam.com/,
,https://plants-associates.com/,
,https://plantec.co.jp/,
,http://www.prec.co.jp,info@prec.co.jp
,http://heads-net.co.jp/,
,https://www.hokoku-eng.jp/,
,https://www.hg-c.co.jp/,office@hg-c.co.jp
,http://www.hosakatakeshi.com,info@hosakatakeshi.com
,https://www.hoshiyama86.co.jp/,
,http://fuji-studio.jp,info@fuji-studio.jp
,https://kentaromaeda.com/,
,https://www.maki-and-associates.co.jp/,info@maki-and-associates.co.jp
,https://www.makitasekkei.co.jp/,
,https://masudasekkei.myportfolio.com/,
,https://masmas.sub.jp/mas/,info@mas-mas.com
,https://www.masecon.co.jp/,
,https://matsuisekkei.co.jp/,wght@100..900
,https://www.m-archi.co.jp/blank-3,intl-segmenter@11.7.10
,https://mac-design.jp/,info@mac-design.jp
,https://matusige.com/index.html,
,http://www.matsushita-sekkei.co.jp/,
,https://www.big-advance.site/c/172/2163,
,https://www.mhs.co.jp/,
,https://www.matsuyama-a.co.jp/,web-animations-js@2.3.1
,https://www.mikami-web.co.jp/,
,https://www.mkc.co.jp/,
,https://mizuho-s.skr.jp/,
,https://www.mccnet.co.jp/,slick-carousel@1.8.1
,http://www.minminmura.com/social/index.html,
,https://www.mjd.co.jp/,wght@100..900
,https://www.miyasekkei.jp/,
,http://www.miyoshi-ae.co.jp/,
,https://www.mugen-design.co.jp/,info@mugen-design.co.jp
,https://www.musalab.co.jp/index.html,
,https://muso-ao.jp/,
,https://www.may-ar.jp/,may@may-ar.jp
,https://meiwa-ec.tokyo/,sample@email.com
,http://www.meiwagijutsu.com/,
,https://www.mokukouzou.com/,sample@example.jp
,https://www.motoisekkei.jp/,user@example.net
,https://www.mori-sekkei.com/,
,https://www.yasui-archi.co.jp/,wght@100..900
,https://yasuzawa-design.com/,
,http://www.yasuda-fw.co.jp/,
,https://www.yachiyo-eng.co.jp/,
,http://www.soumu.go.jp/,
,https://www.yamashitasekkei.co.jp/,abc@def.co.jp
,https://www.ypmc.co.jp/,
,http://www.yamakai.com/,
,http://www.oym-arc.co.jp/index.htm,webmaster@oym-arc.co.jp
,http://www.jcarb.com/Portfolio00005567.html,yamanesekkei@aria.ocn.ne.jp
,https://yamamotosekkei.jp/index.html,info@yamamotosekkei.jp
,https://www.ube-ic.co.jp/,yakuhanjp@3.2.0
,https://www.urlk.co.jp/,
,https://www.yuukicon.com/index.html,
,https://you-sekkei.com,
,http://you-structure.com/,
,https://www.kashijimusho.co.jp/,
,https://yks-house.co.jp/,
,https://ylad.jugem.jp/,info@ylad.jp
,https://yokanet.com/,
,https://www.yae.co.jp/,tarosuzuki@yokogawa.co.jp
,https://www.yokomatsu.info/,
,https://yoshizawa-arch.co.jp/,wght@100..900
,https://latticearc.exblog.jp/,
,http://www.lan-ao.jp/,lan-ao@lan-ao.jp
,https://www.landscape-plus.co.jp/,intl-segmenter@11.7.10
,http://www.tossani.com,info@tossani.com
,http://www.ryoji-sekkei.co.jp/,info@ryoji-sekkei.co.jp
,http://www.ryokukei.jp/,
,https://www.rui.ne.jp/,grad@20..48
,https://www.raymondsekkei.co.jp/,
,http://www.ren-design.com/,
,http://roi-architect.la.coocan.jp/index.html,
,http://www.y-a-p.jp,user@yap.jp
,http://www.yamaguchi-jc.com,info@yamaguchi-jc.com
,https://www.wiselabo.com/,
,https://www.workvisions.co.jp/,info@workvisions.co.jp
,https://www.workstaff-c.co.jp/workstaff.html,info@workstaff-c.co.jp
,http://www.washinosekkei.co.jp/index.html,
,http://www.wata-arc.co.jp/index.html,
,https://wat-arc.com/,viewport-extra@1.0.4
,https://www.warp-jp.net/,
,http://www.watts-id.co.jp/,
,https://www.world-sekkei.com/,
